device_type,users,purchasers,conversion_rate
mobile,24846,1851,0.07449891330596474
desktop,36371,2541,0.069863352671084109
tablet,1446,97,0.067081604426002764